Function,Naive Gas,Optimized Gas,Reduction (%)
anchorEvent,148200,92400,37.65182186234818
verifyEvent,67800,58300,14.011799410029498
updateAssetLedger,44600,44600,0.0
Total per handoff,260600,195300,25.057559478127402
USD @ 30 gwei,$23.45,$17.58,25.057559478127406
USD @ 5 gwei (L2),$3.91,$2.93,25.057559478127395
